Month Number,Monitor Number,Species Number,Population,Density,Genetic Diversity,pH Tolerance,Temperature Tolerance
344,A,1,111,29.150860811205135,0,0,0
344,B,1,8,1.9360043022317825,0,0,0
344,C,1,5705,1393.729641693811,0,0,0
344,D,1,11,3.942652329749104,0,0,0
344,E,1,19098,4851.312447078747,0,0,0
345,A,1,109,28.625620075868106,0,0,0
345,B,1,8,1.9360043022317825,0,0,0
345,C,1,5606,1369.543973941368,0,0,0
345,D,1,11,3.942652329749104,0,0,0
345,E,1,18798,4775.105842506351,0,0,0
346,A,1,101,26.524657134519988,0,0,0
346,B,1,8,1.9360043022317825,0,0,0
346,C,1,5407,1320.928338762215,0,0,0
346,D,1,11,3.942652329749104,0,0,0
346,E,1,18058,4587.129551227773,0,0,0
347,A,1,107,28.100379340531077,0,0,0
347,B,1,10,2.420005377789728,0,0,0
347,C,1,5463,1334.6091205211726,0,0,0
347,D,1,11,3.942652329749104,0,0,0
347,E,1,18490,4696.867061812024,0,0,0
348,A,1,114,29.938721914210678,0,0,0
348,B,1,9,2.1780048400107557,0,0,0
348,C,1,5488,1340.71661237785,0,0,0
348,D,1,12,4.301075268817204,0,0,0
348,E,1,18286,4645.046570702794,0,0,0
349,A,1,162,42.544499562299386,0,0,0
349,B,1,14,3.3880075289056197,0,0,0
349,C,1,8096,1977.8501628664494,0,0,0
349,D,1,20,7.168458781362007,0,0,0
349,E,1,25906,6580.69432684166,0,0,0
350,A,1,179,47.009045812664134,0,0,0
350,B,1,15,3.6300080666845926,0,0,0
350,C,1,8863,2165.2280130293157,0,0,0
350,D,1,19,6.810035842293907,0,0,0
350,E,1,27539,6995.512277730737,0,0,0
351,A,1,122,32.0396848555588,0,0,0
351,B,1,9,2.1780048400107557,0,0,0
351,C,1,5986,1462.3778501628663,0,0,0
351,D,1,12,4.301075268817204,0,0,0
351,E,1,18261,4638.696020321761,0,0,0
352,A,1,117,30.726583017216225,0,0,0
352,B,1,9,2.1780048400107557,0,0,0
352,C,1,5741,1402.5244299674266,0,0,0
352,D,1,12,4.301075268817204,0,0,0
352,E,1,17392,4417.950889077054,0,0,0
353,A,1,107,28.100379340531077,0,0,0
353,B,1,9,2.1780048400107557,0,0,0
353,C,1,5436,1328.0130293159607,0,0,0
353,D,1,10,3.5842293906810037,0,0,0
353,E,1,16438,4175.613886536833,0,0,0
354,A,1,107,28.100379340531077,0,0,0
354,B,1,10,2.420005377789728,0,0,0
354,C,1,5477,1338.0293159609118,0,0,0
354,D,1,11,3.942652329749104,0,0,0
354,E,1,16461,4181.456392887384,0,0,0
355,A,1,141,37.02947184126057,0,0,0
355,B,1,15,3.6300080666845926,0,0,0
355,C,1,6756,1650.488599348534,0,0,0
355,D,1,14,5.017921146953405,0,0,0
355,E,1,20462,5197.798475867909,0,0,0
END SIM
344,A,1,793,208.2579515611322,0,0,0
344,B,1,36,8.712019360043023,0,0,0
344,C,1,1708,417.2638436482084,0,0,0
344,D,1,14,5.017921146953405,0,0,0
344,E,1,27336,6943.945808636749,0,0,0
345,A,1,780,204.84388678144148,0,0,0
345,B,1,35,8.470018822264048,0,0,0
345,C,1,1680,410.4234527687296,0,0,0
345,D,1,14,5.017921146953405,0,0,0
345,E,1,26917,6837.5105842506355,0,0,0
346,A,1,760,199.59147942807118,0,0,0
346,B,1,35,8.470018822264048,0,0,0
346,C,1,1609,393.0781758957654,0,0,0
346,D,1,12,4.301075268817204,0,0,0
346,E,1,25840,6563.928873835733,0,0,0
347,A,1,752,197.49051648672307,0,0,0
347,B,1,43,10.406023124495832,0,0,0
347,C,1,1636,399.67426710097715,0,0,0
347,D,1,10,3.5842293906810037,0,0,0
347,E,1,26242,6666.045723962744,0,0,0
348,A,1,749,196.70265538371754,0,0,0
348,B,1,50,12.10002688894864,0,0,0
348,C,1,1671,408.2247557003257,0,0,0
348,D,1,13,4.659498207885305,0,0,0
348,E,1,25986,6601.016088060966,0,0,0
349,A,1,1156,303.58914502480303,0,0,0
349,B,1,73,17.666039257865016,0,0,0
349,C,1,2514,614.1693811074917,0,0,0
349,D,1,20,7.168458781362007,0,0,0
349,E,1,36788,9344.961896697714,0,0,0
350,A,1,1337,351.1234315728042,0,0,0
350,B,1,81,19.6020435600968,0,0,0
350,C,1,2795,682.8175895765472,0,0,0
350,D,1,22,7.885304659498208,0,0,0
350,E,1,39260,9972.90431837426,0,0,0
351,A,1,906,237.93405310767434,0,0,0
351,B,1,55,13.310029577843505,0,0,0
351,C,1,1904,465.1465798045602,0,0,0
351,D,1,15,5.376344086021505,0,0,0
351,E,1,26116,6634.038950042337,0,0,0
352,A,1,864,226.90399766559673,0,0,0
352,B,1,52,12.584027964506587,0,0,0
352,C,1,1807,441.44951140065143,0,0,0
352,D,1,15,5.376344086021505,0,0,0
352,E,1,24941,6335.563082133785,0,0,0
353,A,1,825,216.66180332652465,0,0,0
353,B,1,50,12.10002688894864,0,0,0
353,C,1,1714,418.72964169381106,0,0,0
353,D,1,14,5.017921146953405,0,0,0
353,E,1,23616,5998.983911939035,0,0,0
354,A,1,827,217.18704406186168,0,0,0
354,B,1,51,12.342027426727615,0,0,0
354,C,1,1726,421.6612377850162,0,0,0
354,D,1,14,5.017921146953405,0,0,0
354,E,1,23661,6010.414902624894,0,0,0
355,A,1,1010,265.24657134519987,0,0,0
355,B,1,68,16.456036568970152,0,0,0
355,C,1,2103,513.7622149837133,0,0,0
355,D,1,18,6.451612903225806,0,0,0
355,E,1,29375,7461.8966977138025,0,0,0
END SIM
344,A,1,146,38.34257367960315,0,0,0
344,B,1,16,3.872008604463565,0,0,0
344,C,1,4709,1150.4071661237783,0,0,0
344,D,1,29,10.39426523297491,0,0,0
344,E,1,22941,5827.519051651143,0,0,0
345,A,1,142,37.29209220892909,0,0,0
345,B,1,15,3.6300080666845926,0,0,0
345,C,1,4616,1127.687296416938,0,0,0
345,D,1,29,10.39426523297491,0,0,0
345,E,1,22607,5742.6756985605425,0,0,0
346,A,1,140,36.76685147359206,0,0,0
346,B,1,14,3.3880075289056197,0,0,0
346,C,1,4442,1085.1791530944624,0,0,0
346,D,1,27,9.67741935483871,0,0,0
346,E,1,21717,5516.596104995767,0,0,0
347,A,1,138,36.241610738255034,0,0,0
347,B,1,18,4.356009680021511,0,0,0
347,C,1,4475,1093.2410423452768,0,0,0
347,D,1,26,9.31899641577061,0,0,0
347,E,1,22030,5596.1049957663,0,0,0
348,A,1,150,39.393055150277206,0,0,0
348,B,1,19,4.598010217800484,0,0,0
348,C,1,4417,1079.0716612377848,0,0,0
348,D,1,28,10.03584229390681,0,0,0
348,E,1,21820,5542.760372565623,0,0,0
349,A,1,245,64.34199007878611,0,0,0
349,B,1,25,6.05001344447432,0,0,0
349,C,1,6678,1631.4332247557002,0,0,0
349,D,1,34,12.186379928315413,0,0,0
349,E,1,30830,7831.498729889924,0,0,0
350,A,1,283,74.32156405018966,0,0,0
350,B,1,34,8.228018284485076,0,0,0
350,C,1,7225,1765.0651465798044,0,0,0
350,D,1,37,13.261648745519713,0,0,0
350,E,1,32663,8297.121083827265,0,0,0
351,A,1,191,50.16049022468631,0,0,0
351,B,1,25,6.05001344447432,0,0,0
351,C,1,4915,1200.7328990228011,0,0,0
351,D,1,20,7.168458781362007,0,0,0
351,E,1,21650,5499.576629974598,0,0,0
352,A,1,183,48.05952728333819,0,0,0
352,B,1,24,5.808012906695348,0,0,0
352,C,1,4674,1141.8566775244299,0,0,0
352,D,1,18,6.451612903225806,0,0,0
352,E,1,20640,5243.014394580864,0,0,0
353,A,1,174,45.695943974321565,0,0,0
353,B,1,22,5.324011831137402,0,0,0
353,C,1,4414,1078.3387622149837,0,0,0
353,D,1,16,5.734767025089606,0,0,0
353,E,1,19495,4952.159187129551,0,0,0
354,A,1,175,45.958564341990076,0,0,0
354,B,1,22,5.324011831137402,0,0,0
354,C,1,4480,1094.4625407166122,0,0,0
354,D,1,16,5.734767025089606,0,0,0
354,E,1,19572,4971.718882303133,0,0,0
355,A,1,212,55.67551794572512,0,0,0
355,B,1,26,6.292013982253294,0,0,0
355,C,1,5498,1343.159609120521,0,0,0
355,D,1,22,7.885304659498208,0,0,0
355,E,1,24369,6190.26248941575,0,0,0
END SIM
344,A,1,472,123.95681353953896,0,0,0
344,B,1,13,3.146006991126647,0,0,0
344,C,1,3349,818.159609120521,0,0,0
344,D,1,31,11.11111111111111,0,0,0
344,E,1,30668,7790.34716342083,0,0,0
345,A,1,469,123.1689524365334,0,0,0
345,B,1,13,3.146006991126647,0,0,0
345,C,1,3302,806.6775244299673,0,0,0
345,D,1,31,11.11111111111111,0,0,0
345,E,1,30154,7659.779847586791,0,0,0
346,A,1,452,118.70440618616865,0,0,0
346,B,1,13,3.146006991126647,0,0,0
346,C,1,3161,772.2312703583061,0,0,0
346,D,1,29,10.39426523297491,0,0,0
346,E,1,28954,7354.953429297206,0,0,0
347,A,1,455,119.4922672891742,0,0,0
347,B,1,18,4.356009680021511,0,0,0
347,C,1,3171,774.6742671009771,0,0,0
347,D,1,31,11.11111111111111,0,0,0
347,E,1,29431,7476.121930567316,0,0,0
348,A,1,458,120.28012839217975,0,0,0
348,B,1,23,5.566012368916375,0,0,0
348,C,1,3259,796.172638436482,0,0,0
348,D,1,34,12.186379928315413,0,0,0
348,E,1,28961,7356.7315834038955,0,0,0
349,A,1,683,179.36971111759556,0,0,0
349,B,1,24,5.808012906695348,0,0,0
349,C,1,4824,1178.501628664495,0,0,0
349,D,1,46,16.487455197132615,0,0,0
349,E,1,41134,10448.941574936494,0,0,0
350,A,1,740,194.3390720747009,0,0,0
350,B,1,32,7.74401720892713,0,0,0
350,C,1,5197,1269.6254071661238,0,0,0
350,D,1,51,18.27956989247312,0,0,0
350,E,1,44211,11230.56731583404,0,0,0
351,A,1,507,133.14852640793697,0,0,0
351,B,1,24,5.808012906695348,0,0,0
351,C,1,3540,864.8208469055373,0,0,0
351,D,1,30,10.75268817204301,0,0,0
351,E,1,29369,7460.372565622354,0,0,0
352,A,1,482,126.58301721622409,0,0,0
352,B,1,22,5.324011831137402,0,0,0
352,C,1,3388,827.687296416938,0,0,0
352,D,1,30,10.75268817204301,0,0,0
352,E,1,27963,7103.217612193057,0,0,0
353,A,1,460,120.80536912751677,0,0,0
353,B,1,22,5.324011831137402,0,0,0
353,C,1,3206,783.2247557003257,0,0,0
353,D,1,30,10.75268817204301,0,0,0
353,E,1,26467,6723.200677392041,0,0,0
354,A,1,472,123.95681353953896,0,0,0
354,B,1,19,4.598010217800484,0,0,0
354,C,1,3237,790.7980456026058,0,0,0
354,D,1,27,9.67741935483871,0,0,0
354,E,1,26470,6723.962743437764,0,0,0
355,A,1,594,155.99649839509775,0,0,0
355,B,1,29,7.018015595590212,0,0,0
355,C,1,4037,986.2377850162866,0,0,0
355,D,1,40,14.336917562724015,0,0,0
355,E,1,32939,8367.23116003387,0,0,0
END SIM
344,A,1,1937,508.695652173913,0,0,0
344,B,1,13,3.146006991126647,0,0,0
344,C,1,3356,819.8697068403908,0,0,0
344,D,1,42,15.053763440860214,0,0,0
344,E,1,25522,6483.149872988993,0,0,0
345,A,1,1898,498.45345783484095,0,0,0
345,B,1,13,3.146006991126647,0,0,0
345,C,1,3300,806.1889250814331,0,0,0
345,D,1,42,15.053763440860214,0,0,0
345,E,1,25132,6384.081287044877,0,0,0
346,A,1,1825,479.2821709950394,0,0,0
346,B,1,12,2.904006453347674,0,0,0
346,C,1,3174,775.4071661237784,0,0,0
346,D,1,38,13.620071684587813,0,0,0
346,E,1,24110,6124.470787468247,0,0,0
347,A,1,1840,483.2214765100671,0,0,0
347,B,1,15,3.6300080666845926,0,0,0
347,C,1,3206,783.2247557003257,0,0,0
347,D,1,39,13.978494623655914,0,0,0
347,E,1,24495,6222.269263336156,0,0,0
348,A,1,1829,480.3326524657134,0,0,0
348,B,1,18,4.356009680021511,0,0,0
348,C,1,3208,783.7133550488599,0,0,0
348,D,1,42,15.053763440860214,0,0,0
348,E,1,24383,6193.818797629128,0,0,0
349,A,1,2934,770.5281587394222,0,0,0
349,B,1,19,4.598010217800484,0,0,0
349,C,1,4791,1170.4397394136806,0,0,0
349,D,1,57,20.43010752688172,0,0,0
349,E,1,34570,8781.541066892465,0,0,0
350,A,1,3380,887.6568427195798,0,0,0
350,B,1,19,4.598010217800484,0,0,0
350,C,1,5192,1268.403908794788,0,0,0
350,D,1,51,18.27956989247312,0,0,0
350,E,1,36585,9293.395427603726,0,0,0
351,A,1,2385,626.3495768894077,0,0,0
351,B,1,11,2.662005915568701,0,0,0
351,C,1,3547,866.5309446254071,0,0,0
351,D,1,33,11.827956989247312,0,0,0
351,E,1,24410,6200.677392040644,0,0,0
352,A,1,2283,599.5622993872191,0,0,0
352,B,1,10,2.420005377789728,0,0,0
352,C,1,3381,825.9771986970683,0,0,0
352,D,1,31,11.11111111111111,0,0,0
352,E,1,23280,5913.632514817951,0,0,0
353,A,1,2141,562.27020717829,0,0,0
353,B,1,9,2.1780048400107557,0,0,0
353,C,1,3204,782.7361563517915,0,0,0
353,D,1,30,10.75268817204301,0,0,0
353,E,1,22050,5601.185436071127,0,0,0
354,A,1,2079,545.9877443828422,0,0,0
354,B,1,9,2.1780048400107557,0,0,0
354,C,1,3226,788.1107491856677,0,0,0
354,D,1,28,10.03584229390681,0,0,0
354,E,1,22153,5627.349703640983,0,0,0
355,A,1,2654,696.9944557922381,0,0,0
355,B,1,10,2.420005377789728,0,0,0
355,C,1,3976,971.3355048859934,0,0,0
355,D,1,35,12.544802867383513,0,0,0
355,E,1,27687,7033.107535986453,0,0,0
END SIM
344,A,1,1470,386.05194047271664,0,0,0
344,B,1,25,6.05001344447432,0,0,0
344,C,1,5008,1223.4527687296415,0,0,0
344,D,1,66,23.655913978494624,0,0,0
344,E,1,41031,10422.77730736664,0,0,0
345,A,1,1447,380.0116720163408,0,0,0
345,B,1,25,6.05001344447432,0,0,0
345,C,1,4937,1206.1074918566774,0,0,0
345,D,1,66,23.655913978494624,0,0,0
345,E,1,40395,10261.21930567316,0,0,0
346,A,1,1384,363.4665888532244,0,0,0
346,B,1,25,6.05001344447432,0,0,0
346,C,1,4746,1159.446254071661,0,0,0
346,D,1,66,23.655913978494624,0,0,0
346,E,1,38843,9866.977138018628,0,0,0
347,A,1,1385,363.72920922089287,0,0,0
347,B,1,27,6.534014520032266,0,0,0
347,C,1,4790,1170.1954397394136,0,0,0
347,D,1,63,22.580645161290324,0,0,0
347,E,1,39611,10062.066045723963,0,0,0
348,A,1,1389,364.77969069156694,0,0,0
348,B,1,26,6.292013982253294,0,0,0
348,C,1,4847,1184.1205211726383,0,0,0
348,D,1,54,19.35483870967742,0,0,0
348,E,1,38895,9880.186282811177,0,0,0
349,A,1,2105,552.8158739422234,0,0,0
349,B,1,30,7.260016133369185,0,0,0
349,C,1,7332,1791.2052117263843,0,0,0
349,D,1,90,32.25806451612903,0,0,0
349,E,1,55206,14023.539373412363,0,0,0
350,A,1,2312,607.1782900496061,0,0,0
350,B,1,30,7.260016133369185,0,0,0
350,C,1,7985,1950.7328990228011,0,0,0
350,D,1,94,33.691756272401435,0,0,0
350,E,1,58799,14936.240474174429,0,0,0
351,A,1,1613,423.6066530493143,0,0,0
351,B,1,21,5.08201129335843,0,0,0
351,C,1,5452,1331.9218241042345,0,0,0
351,D,1,58,20.78853046594982,0,0,0
351,E,1,39280,9977.984758679086,0,0,0
352,A,1,1545,405.7484680478552,0,0,0
352,B,1,21,5.08201129335843,0,0,0
352,C,1,5200,1270.3583061889249,0,0,0
352,D,1,56,20.07168458781362,0,0,0
352,E,1,37494,9524.301439458086,0,0,0
353,A,1,1457,382.63787569302593,0,0,0
353,B,1,19,4.598010217800484,0,0,0
353,C,1,4917,1201.2214983713354,0,0,0
353,D,1,51,18.27956989247312,0,0,0
353,E,1,35404,8993.395427603726,0,0,0
354,A,1,1462,383.95097753136855,0,0,0
354,B,1,21,5.08201129335843,0,0,0
354,C,1,4976,1215.6351791530944,0,0,0
354,D,1,49,17.56272401433692,0,0,0
354,E,1,35537,9027.180355630822,0,0,0
355,A,1,1833,481.3831339363875,0,0,0
355,B,1,22,5.324011831137402,0,0,0
355,C,1,6096,1489.2508143322475,0,0,0
355,D,1,62,22.22222222222222,0,0,0
355,E,1,44199,11227.519051651143,0,0,0
END SIM
344,A,1,782,205.36912751677852,0,0,0
344,B,1,21,5.08201129335843,0,0,0
344,C,1,2444,597.0684039087947,0,0,0
344,D,1,121,43.369175627240146,0,0,0
344,E,1,29606,7520.575783234547,0,0,0
345,A,1,772,202.74292384009337,0,0,0
345,B,1,21,5.08201129335843,0,0,0
345,C,1,2399,586.0749185667752,0,0,0
345,D,1,120,43.01075268817204,0,0,0
345,E,1,29144,7403.217612193057,0,0,0
346,A,1,742,194.86431281003792,0,0,0
346,B,1,20,4.840010755579456,0,0,0
346,C,1,2306,563.3550488599348,0,0,0
346,D,1,112,40.14336917562724,0,0,0
346,E,1,27974,7106.011854360711,0,0,0
347,A,1,752,197.49051648672307,0,0,0
347,B,1,16,3.872008604463565,0,0,0
347,C,1,2349,573.8599348534201,0,0,0
347,D,1,118,42.29390681003584,0,0,0
347,E,1,28348,7201.016088060966,0,0,0
348,A,1,744,195.38955354537495,0,0,0
348,B,1,25,6.05001344447432,0,0,0
348,C,1,2360,576.5472312703582,0,0,0
348,D,1,128,45.878136200716845,0,0,0
348,E,1,27938,7096.867061812024,0,0,0
349,A,1,1086,285.205719288007,0,0,0
349,B,1,29,7.018015595590212,0,0,0
349,C,1,3551,867.5081433224755,0,0,0
349,D,1,167,59.85663082437276,0,0,0
349,E,1,39635,10068.162574089754,0,0,0
350,A,1,1157,303.8517653924715,0,0,0
350,B,1,39,9.43802097337994,0,0,0
350,C,1,3820,933.2247557003257,0,0,0
350,D,1,193,69.17562724014337,0,0,0
350,E,1,42464,10786.790855207451,0,0,0
351,A,1,767,201.4298220017508,0,0,0
351,B,1,25,6.05001344447432,0,0,0
351,C,1,2634,643.485342019544,0,0,0
351,D,1,118,42.29390681003584,0,0,0
351,E,1,28240,7173.581710414903,0,0,0
352,A,1,722,189.61190545666764,0,0,0
352,B,1,23,5.566012368916375,0,0,0
352,C,1,2499,610.5048859934852,0,0,0
352,D,1,108,38.70967741935484,0,0,0
352,E,1,26908,6835.224386113463,0,0,0
353,A,1,686,180.1575722206011,0,0,0
353,B,1,19,4.598010217800484,0,0,0
353,C,1,2359,576.3029315960912,0,0,0
353,D,1,99,35.483870967741936,0,0,0
353,E,1,25444,6463.33615580017,0,0,0
354,A,1,701,184.09687773562882,0,0,0
354,B,1,15,3.6300080666845926,0,0,0
354,C,1,2405,587.5407166123778,0,0,0
354,D,1,94,33.691756272401435,0,0,0
354,E,1,25509,6479.8475867908555,0,0,0
355,A,1,895,235.04522906332068,0,0,0
355,B,1,25,6.05001344447432,0,0,0
355,C,1,2942,718.729641693811,0,0,0
355,D,1,129,46.236559139784944,0,0,0
355,E,1,31865,8094.411515664691,0,0,0
END SIM
344,A,1,741,194.6016924423694,0,0,0
344,B,1,32,7.74401720892713,0,0,0
344,C,1,3130,764.6579804560259,0,0,0
344,D,1,60,21.50537634408602,0,0,0
344,E,1,39778,10104.487722269263,0,0,0
345,A,1,721,189.34928508899912,0,0,0
345,B,1,31,7.502016671148158,0,0,0
345,C,1,3077,751.7100977198696,0,0,0
345,D,1,60,21.50537634408602,0,0,0
345,E,1,39146,9943.945808636749,0,0,0
346,A,1,694,182.25853516194923,0,0,0
346,B,1,31,7.502016671148158,0,0,0
346,C,1,2931,716.0423452768729,0,0,0
346,D,1,60,21.50537634408602,0,0,0
346,E,1,37647,9563.166807790009,0,0,0
347,A,1,687,180.42019258826963,0,0,0
347,B,1,36,8.712019360043023,0,0,0
347,C,1,3033,740.9609120521172,0,0,0
347,D,1,61,21.863799283154123,0,0,0
347,E,1,38056,9667.061812023709,0,0,0
348,A,1,685,179.8949518529326,0,0,0
348,B,1,40,9.680021511158913,0,0,0
348,C,1,3069,749.7557003257328,0,0,0
348,D,1,57,20.43010752688172,0,0,0
348,E,1,37389,9497.629127857748,0,0,0
349,A,1,1019,267.6101546542165,0,0,0
349,B,1,51,12.342027426727615,0,0,0
349,C,1,4581,1119.1368078175894,0,0,0
349,D,1,69,24.731182795698924,0,0,0
349,E,1,53270,13531.752751905165,0,0,0
350,A,1,1114,292.5590895827254,0,0,0
350,B,1,60,14.52003226673837,0,0,0
350,C,1,4953,1210.016286644951,0,0,0
350,D,1,77,27.598566308243726,0,0,0
350,E,1,56690,14400.508044030483,0,0,0
351,A,1,758,199.06623869273417,0,0,0
351,B,1,42,10.16402258671686,0,0,0
351,C,1,3361,821.0912052117263,0,0,0
351,D,1,48,17.204301075268816,0,0,0
351,E,1,37767,9593.649449618968,0,0,0
352,A,1,728,191.18762766267872,0,0,0
352,B,1,40,9.680021511158913,0,0,0
352,C,1,3190,779.315960912052,0,0,0
352,D,1,43,15.412186379928315,0,0,0
352,E,1,35974,9138.18797629128,0,0,0
353,A,1,698,183.30901663262327,0,0,0
353,B,1,40,9.680021511158913,0,0,0
353,C,1,3012,735.830618892508,0,0,0
353,D,1,39,13.978494623655914,0,0,0
353,E,1,33979,8631.414055884843,0,0,0
354,A,1,696,182.78377589728626,0,0,0
354,B,1,37,8.954019897821995,0,0,0
354,C,1,3056,746.5798045602605,0,0,0
354,D,1,37,13.261648745519713,0,0,0
354,E,1,33991,8634.46232006774,0,0,0
355,A,1,858,225.32827545958563,0,0,0
355,B,1,46,11.13202473783275,0,0,0
355,C,1,3712,906.8403908794787,0,0,0
355,D,1,48,17.204301075268816,0,0,0
355,E,1,42347,10757.070279424217,0,0,0
END SIM
344,A,1,972,255.2669973737963,0,0,0
344,B,1,58,14.036031191180424,0,0,0
344,C,1,3421,835.7491856677524,0,0,0
344,D,1,34,12.186379928315413,0,0,0
344,E,1,29673,7537.595258255716,0,0,0
345,A,1,954,250.53983075576303,0,0,0
345,B,1,58,14.036031191180424,0,0,0
345,C,1,3362,821.3355048859934,0,0,0
345,D,1,34,12.186379928315413,0,0,0
345,E,1,29186,7413.886536833193,0,0,0
346,A,1,919,241.34811788736502,0,0,0
346,B,1,56,13.552030115622479,0,0,0
346,C,1,3240,791.5309446254071,0,0,0
346,D,1,32,11.469534050179211,0,0,0
346,E,1,28080,7132.938187976291,0,0,0
347,A,1,944,247.9136270790779,0,0,0
347,B,1,51,12.342027426727615,0,0,0
347,C,1,3245,792.7524429967426,0,0,0
347,D,1,38,13.620071684587813,0,0,0
347,E,1,28597,7264.267569856054,0,0,0
348,A,1,946,248.43886781441492,0,0,0
348,B,1,51,12.342027426727615,0,0,0
348,C,1,3287,803.0130293159608,0,0,0
348,D,1,40,14.336917562724015,0,0,0
348,E,1,28283,7184.50465707028,0,0,0
349,A,1,1398,367.1432740005836,0,0,0
349,B,1,76,18.392040871201935,0,0,0
349,C,1,4990,1219.0553745928337,0,0,0
349,D,1,58,20.78853046594982,0,0,0
349,E,1,40181,10206.858594411517,0,0,0
350,A,1,1531,402.07178290049603,0,0,0
350,B,1,79,19.118042484538854,0,0,0
350,C,1,5497,1342.915309446254,0,0,0
350,D,1,58,20.78853046594982,0,0,0
350,E,1,43206,10975.275190516511,0,0,0
351,A,1,1020,267.87277502188505,0,0,0
351,B,1,50,12.10002688894864,0,0,0
351,C,1,3753,916.8566775244299,0,0,0
351,D,1,37,13.261648745519713,0,0,0
351,E,1,28814,7319.390347163421,0,0,0
352,A,1,979,257.1053399474759,0,0,0
352,B,1,49,11.858026351169668,0,0,0
352,C,1,3587,876.3029315960911,0,0,0
352,D,1,37,13.261648745519713,0,0,0
352,E,1,27527,6992.464013547841,0,0,0
353,A,1,917,240.822877152028,0,0,0
353,B,1,46,11.13202473783275,0,0,0
353,C,1,3400,830.6188925081433,0,0,0
353,D,1,33,11.827956989247312,0,0,0
353,E,1,26008,6606.604572396274,0,0,0
354,A,1,909,238.7219142106799,0,0,0
354,B,1,47,11.374025275611723,0,0,0
354,C,1,3430,837.9478827361563,0,0,0
354,D,1,33,11.827956989247312,0,0,0
354,E,1,26076,6623.878069432684,0,0,0
355,A,1,1160,304.6396264954771,0,0,0
355,B,1,60,14.52003226673837,0,0,0
355,C,1,4180,1021.172638436482,0,0,0
355,D,1,44,15.770609318996415,0,0,0
355,E,1,32439,8240.220152413209,0,0,0
END SIM
344,A,1,376,98.74525824336153,0,0,0
344,B,1,12,2.904006453347674,0,0,0
344,C,1,5359,1309.201954397394,0,0,0
344,D,1,113,40.50179211469534,0,0,0
344,E,1,31716,8056.562235393734,0,0,0
345,A,1,367,96.3816749343449,0,0,0
345,B,1,11,2.662005915568701,0,0,0
345,C,1,5278,1289.4136807817588,0,0,0
345,D,1,110,39.42652329749104,0,0,0
345,E,1,31239,7935.393734123624,0,0,0
346,A,1,349,91.65450831631163,0,0,0
346,B,1,11,2.662005915568701,0,0,0
346,C,1,5065,1237.3778501628663,0,0,0
346,D,1,102,36.55913978494624,0,0,0
346,E,1,29983,7616.342082980525,0,0,0
347,A,1,370,97.16953603735045,0,0,0
347,B,1,14,3.3880075289056197,0,0,0
347,C,1,5118,1250.3257328990228,0,0,0
347,D,1,111,39.784946236559136,0,0,0
347,E,1,30537,7757.070279424217,0,0,0
348,A,1,355,93.23023052232273,0,0,0
348,B,1,12,2.904006453347674,0,0,0
348,C,1,5195,1269.1368078175894,0,0,0
348,D,1,101,36.200716845878134,0,0,0
348,E,1,29881,7590.43183742591,0,0,0
349,A,1,535,140.5018967026554,0,0,0
349,B,1,13,3.146006991126647,0,0,0
349,C,1,7681,1876.4657980456025,0,0,0
349,D,1,149,53.40501792114695,0,0,0
349,E,1,42516,10800,0,0,0
350,A,1,580,152.31981324773855,0,0,0
350,B,1,23,5.566012368916375,0,0,0
350,C,1,8254,2016.4495114006513,0,0,0
350,D,1,143,51.25448028673835,0,0,0
350,E,1,45432,11540.728196443692,0,0,0
351,A,1,395,103.73504522906332,0,0,0
351,B,1,12,2.904006453347674,0,0,0
351,C,1,5687,1389.332247557003,0,0,0
351,D,1,94,33.691756272401435,0,0,0
351,E,1,30433,7730.65198983912,0,0,0
352,A,1,380,99.79573971403559,0,0,0
352,B,1,12,2.904006453347674,0,0,0
352,C,1,5433,1327.2801302931596,0,0,0
352,D,1,88,31.54121863799283,0,0,0
352,E,1,28977,7360.795935647757,0,0,0
353,A,1,356,93.49285088999125,0,0,0
353,B,1,10,2.420005377789728,0,0,0
353,C,1,5124,1251.7915309446253,0,0,0
353,D,1,83,29.74910394265233,0,0,0
353,E,1,27417,6964.521591871296,0,0,0
354,A,1,369,96.90691566968194,0,0,0
354,B,1,9,2.1780048400107557,0,0,0
354,C,1,5163,1261.3192182410423,0,0,0
354,D,1,81,29.032258064516128,0,0,0
354,E,1,27388,6957.154953429297,0,0,0
355,A,1,461,121.06798949518529,0,0,0
355,B,1,12,2.904006453347674,0,0,0
355,C,1,6301,1539.332247557003,0,0,0
355,D,1,98,35.12544802867384,0,0,0
355,E,1,34029,8644.115156646909,0,0,0
END SIM
344,A,1,1297,340.6186168660636,0,0,0
344,B,1,26,6.292013982253294,0,0,0
344,C,1,2678,654.2345276872963,0,0,0
344,D,1,42,15.053763440860214,0,0,0
344,E,1,37879,9622.099915325995,0,0,0
345,A,1,1270,333.5278669390137,0,0,0
345,B,1,26,6.292013982253294,0,0,0
345,C,1,2636,643.9739413680782,0,0,0
345,D,1,42,15.053763440860214,0,0,0
345,E,1,37334,9483.657917019475,0,0,0
346,A,1,1231,323.2856725999416,0,0,0
346,B,1,27,6.534014520032266,0,0,0
346,C,1,2515,614.4136807817589,0,0,0
346,D,1,43,15.412186379928315,0,0,0
346,E,1,35908,9121.422523285351,0,0,0
347,A,1,1268,333.0026262036767,0,0,0
347,B,1,22,5.324011831137402,0,0,0
347,C,1,2583,631.0260586319217,0,0,0
347,D,1,39,13.978494623655914,0,0,0
347,E,1,36605,9298.475867908552,0,0,0
348,A,1,1261,331.16428362999704,0,0,0
348,B,1,29,7.018015595590212,0,0,0
348,C,1,2565,626.628664495114,0,0,0
348,D,1,52,18.63799283154122,0,0,0
348,E,1,35905,9120.660457239628,0,0,0
349,A,1,1808,474.8176247446746,0,0,0
349,B,1,35,8.470018822264048,0,0,0
349,C,1,3840,938.1107491856677,0,0,0
349,D,1,68,24.372759856630825,0,0,0
349,E,1,50912,12932.768839966131,0,0,0
350,A,1,1989,522.3519112926758,0,0,0
350,B,1,47,11.374025275611723,0,0,0
350,C,1,4214,1029.4788273615634,0,0,0
350,D,1,56,20.07168458781362,0,0,0
350,E,1,54296,13792.37933954276,0,0,0
351,A,1,1354,355.58797782316896,0,0,0
351,B,1,27,6.534014520032266,0,0,0
351,C,1,2885,704.8045602605863,0,0,0
351,D,1,36,12.903225806451612,0,0,0
351,E,1,36222,9201.185436071126,0,0,0
352,A,1,1286,337.72979282170996,0,0,0
352,B,1,25,6.05001344447432,0,0,0
352,C,1,2731,667.1824104234527,0,0,0
352,D,1,36,12.903225806451612,0,0,0
352,E,1,34486,8760.203217612194,0,0,0
353,A,1,1214,318.8211263495769,0,0,0
353,B,1,23,5.566012368916375,0,0,0
353,C,1,2591,632.9804560260586,0,0,0
353,D,1,34,12.186379928315413,0,0,0
353,E,1,32667,8298.137171888231,0,0,0
354,A,1,1242,326.1744966442953,0,0,0
354,B,1,23,5.566012368916375,0,0,0
354,C,1,2618,639.5765472312703,0,0,0
354,D,1,35,12.544802867383513,0,0,0
354,E,1,32794,8330.397967823877,0,0,0
355,A,1,1541,404.6979865771812,0,0,0
355,B,1,25,6.05001344447432,0,0,0
355,C,1,3238,791.0423452768729,0,0,0
355,D,1,44,15.770609318996415,0,0,0
355,E,1,40775,10357.74767146486,0,0,0
END SIM
344,A,1,561,147.33002626203677,0,0,0
344,B,1,22,5.324011831137402,0,0,0
344,C,1,4147,1013.1107491856677,0,0,0
344,D,1,65,23.29749103942652,0,0,0
344,E,1,34878,8859.779847586791,0,0,0
345,A,1,553,145.22906332068865,0,0,0
345,B,1,21,5.08201129335843,0,0,0
345,C,1,4072,994.788273615635,0,0,0
345,D,1,61,21.863799283154123,0,0,0
345,E,1,34365,8729.466553767994,0,0,0
346,A,1,533,139.97665596731835,0,0,0
346,B,1,19,4.598010217800484,0,0,0
346,C,1,3902,953.257328990228,0,0,0
346,D,1,60,21.50537634408602,0,0,0
346,E,1,32997,8381.964436917866,0,0,0
347,A,1,523,137.3504522906332,0,0,0
347,B,1,23,5.566012368916375,0,0,0
347,C,1,3912,955.7003257328989,0,0,0
347,D,1,68,24.372759856630825,0,0,0
347,E,1,33774,8579.339542760374,0,0,0
348,A,1,528,138.66355412897576,0,0,0
348,B,1,19,4.598010217800484,0,0,0
348,C,1,3989,974.5114006514657,0,0,0
348,D,1,62,22.22222222222222,0,0,0
348,E,1,33185,8429.720575783234,0,0,0
349,A,1,761,199.8540997957397,0,0,0
349,B,1,31,7.502016671148158,0,0,0
349,C,1,5958,1455.5374592833875,0,0,0
349,D,1,88,31.54121863799283,0,0,0
349,E,1,46955,11927.603725656223,0,0,0
350,A,1,818,214.82346075284505,0,0,0
350,B,1,30,7.260016133369185,0,0,0
350,C,1,6508,1589.902280130293,0,0,0
350,D,1,90,32.25806451612903,0,0,0
350,E,1,50035,12709.991532599492,0,0,0
351,A,1,578,151.79457251240152,0,0,0
351,B,1,22,5.324011831137402,0,0,0
351,C,1,4413,1078.0944625407164,0,0,0
351,D,1,61,21.863799283154123,0,0,0
351,E,1,33377,8478.492802709568,0,0,0
352,A,1,561,147.33002626203677,0,0,0
352,B,1,21,5.08201129335843,0,0,0
352,C,1,4191,1023.8599348534201,0,0,0
352,D,1,59,21.14695340501792,0,0,0
352,E,1,31796,8076.88399661304,0,0,0
353,A,1,535,140.5018967026554,0,0,0
353,B,1,21,5.08201129335843,0,0,0
353,C,1,3974,970.8469055374592,0,0,0
353,D,1,57,20.43010752688172,0,0,0
353,E,1,30060,7635.901778154107,0,0,0
354,A,1,548,143.91596148234606,0,0,0
354,B,1,23,5.566012368916375,0,0,0
354,C,1,3994,975.7328990228012,0,0,0
354,D,1,51,18.27956989247312,0,0,0
354,E,1,30036,7629.805249788315,0,0,0
355,A,1,681,178.84447038225852,0,0,0
355,B,1,32,7.74401720892713,0,0,0
355,C,1,4878,1191.6938110749184,0,0,0
355,D,1,69,24.731182795698924,0,0,0
355,E,1,37251,9462.574089754446,0,0,0
END SIM
344,A,1,985,258.681062153487,0,0,0
344,B,1,30,7.260016133369185,0,0,0
344,C,1,3037,741.9381107491856,0,0,0
344,D,1,65,23.29749103942652,0,0,0
344,E,1,35922,9124.97883149873,0,0,0
345,A,1,970,254.7417566384593,0,0,0
345,B,1,30,7.260016133369185,0,0,0
345,C,1,2978,727.5244299674266,0,0,0
345,D,1,65,23.29749103942652,0,0,0
345,E,1,35344,8978.154106689246,0,0,0
346,A,1,929,243.97432156405017,0,0,0
346,B,1,30,7.260016133369185,0,0,0
346,C,1,2867,700.4071661237784,0,0,0
346,D,1,62,22.22222222222222,0,0,0
346,E,1,33942,8622.015241320914,0,0,0
347,A,1,912,239.50977531368542,0,0,0
347,B,1,33,7.9860177467061035,0,0,0
347,C,1,2842,694.299674267101,0,0,0
347,D,1,66,23.655913978494624,0,0,0
347,E,1,34579,8783.827265029637,0,0,0
348,A,1,924,242.6612197257076,0,0,0
348,B,1,26,6.292013982253294,0,0,0
348,C,1,2864,699.6742671009771,0,0,0
348,D,1,73,26.164874551971327,0,0,0
348,E,1,33938,8620.999153259949,0,0,0
349,A,1,1375,361.10300554420775,0,0,0
349,B,1,38,9.196020435600968,0,0,0
349,C,1,4328,1057.328990228013,0,0,0
349,D,1,100,35.842293906810035,0,0,0
349,E,1,48124,12224.555461473328,0,0,0
350,A,1,1526,400.75868106215347,0,0,0
350,B,1,42,10.16402258671686,0,0,0
350,C,1,4626,1130.130293159609,0,0,0
350,D,1,112,40.14336917562724,0,0,0
350,E,1,51391,13054.445385266723,0,0,0
351,A,1,1023,268.6606361248906,0,0,0
351,B,1,28,6.7760150578112395,0,0,0
351,C,1,3147,768.8110749185668,0,0,0
351,D,1,71,25.448028673835125,0,0,0
351,E,1,34180,8682.472480948349,0,0,0
352,A,1,976,256.3174788444704,0,0,0
352,B,1,24,5.808012906695348,0,0,0
352,C,1,2985,729.2345276872963,0,0,0
352,D,1,64,22.939068100358423,0,0,0
352,E,1,32562,8271.464860287891,0,0,0
353,A,1,921,241.87335862270206,0,0,0
353,B,1,23,5.566012368916375,0,0,0
353,C,1,2798,683.5504885993485,0,0,0
353,D,1,64,22.939068100358423,0,0,0
353,E,1,30842,7834.54699407282,0,0,0
354,A,1,937,246.0752845053983,0,0,0
354,B,1,24,5.808012906695348,0,0,0
354,C,1,2800,684.0390879478826,0,0,0
354,D,1,58,20.78853046594982,0,0,0
354,E,1,30990,7872.1422523285355,0,0,0
355,A,1,1186,311.46775605485846,0,0,0
355,B,1,25,6.05001344447432,0,0,0
355,C,1,3465,846.4983713355048,0,0,0
355,D,1,70,25.089605734767026,0,0,0
355,E,1,38372,9747.332768839966,0,0,0
END SIM
344,A,1,836,219.55062737087832,0,0,0
344,B,1,28,6.7760150578112395,0,0,0
344,C,1,3167,773.6970684039087,0,0,0
344,D,1,205,73.47670250896057,0,0,0
344,E,1,26343,6691.701947502117,0,0,0
345,A,1,827,217.18704406186168,0,0,0
345,B,1,28,6.7760150578112395,0,0,0
345,C,1,3117,761.4820846905536,0,0,0
345,D,1,203,72.75985663082437,0,0,0
345,E,1,25912,6582.218458933108,0,0,0
346,A,1,802,210.62153487014882,0,0,0
346,B,1,27,6.534014520032266,0,0,0
346,C,1,2995,731.6775244299673,0,0,0
346,D,1,191,68.45878136200717,0,0,0
346,E,1,24848,6311.939034716343,0,0,0
347,A,1,819,215.08608112051357,0,0,0
347,B,1,26,6.292013982253294,0,0,0
347,C,1,3024,738.7622149837133,0,0,0
347,D,1,192,68.81720430107526,0,0,0
347,E,1,25185,6397.544453852667,0,0,0
348,A,1,841,220.86372920922088,0,0,0
348,B,1,22,5.324011831137402,0,0,0
348,C,1,3010,735.3420195439738,0,0,0
348,D,1,199,71.32616487455196,0,0,0
348,E,1,25042,6361.2193056731585,0,0,0
349,A,1,1251,328.5380799533119,0,0,0
349,B,1,39,9.43802097337994,0,0,0
349,C,1,4479,1094.2182410423452,0,0,0
349,D,1,261,93.54838709677419,0,0,0
349,E,1,35338,8976.6299745978,0,0,0
350,A,1,1375,361.10300554420775,0,0,0
350,B,1,39,9.43802097337994,0,0,0
350,C,1,4937,1206.1074918566774,0,0,0
350,D,1,291,104.3010752688172,0,0,0
350,E,1,37938,9637.087214225234,0,0,0
351,A,1,927,243.44908082871316,0,0,0
351,B,1,26,6.292013982253294,0,0,0
351,C,1,3334,814.4951140065145,0,0,0
351,D,1,180,64.51612903225806,0,0,0
351,E,1,25405,6453.429297205758,0,0,0
352,A,1,891,233.99474759264663,0,0,0
352,B,1,25,6.05001344447432,0,0,0
352,C,1,3169,774.1856677524429,0,0,0
352,D,1,170,60.93189964157706,0,0,0
352,E,1,24177,6141.490262489416,0,0,0
353,A,1,839,220.33848847388384,0,0,0
353,B,1,25,6.05001344447432,0,0,0
353,C,1,2990,730.4560260586319,0,0,0
353,D,1,161,57.70609318996416,0,0,0
353,E,1,22926,5823.708721422524,0,0,0
354,A,1,873,229.26758097461337,0,0,0
354,B,1,22,5.324011831137402,0,0,0
354,C,1,2993,731.1889250814331,0,0,0
354,D,1,151,54.121863799283155,0,0,0
354,E,1,23043,5853.429297205758,0,0,0
355,A,1,1065,279.69069156696816,0,0,0
355,B,1,26,6.292013982253294,0,0,0
355,C,1,3717,908.0618892508143,0,0,0
355,D,1,190,68.10035842293907,0,0,0
355,E,1,28537,7249.026248941575,0,0,0
END SIM
344,A,1,2217,582.2293551210971,0,0,0
344,B,1,50,12.10002688894864,0,0,0
344,C,1,2504,611.7263843648208,0,0,0
344,D,1,119,42.65232974910394,0,0,0
344,E,1,37014,9402.370872142252,0,0,0
345,A,1,2174,570.936679311351,0,0,0
345,B,1,49,11.858026351169668,0,0,0
345,C,1,2464,601.9543973941368,0,0,0
345,D,1,119,42.65232974910394,0,0,0
345,E,1,36427,9253.259949195597,0,0,0
346,A,1,2083,547.0382258535162,0,0,0
346,B,1,46,11.13202473783275,0,0,0
346,C,1,2378,580.9446254071661,0,0,0
346,D,1,113,40.50179211469534,0,0,0
346,E,1,34991,8888.48433530906,0,0,0
347,A,1,2118,556.2299387219142,0,0,0
347,B,1,55,13.310029577843505,0,0,0
347,C,1,2427,592.915309446254,0,0,0
347,D,1,127,45.51971326164875,0,0,0
347,E,1,35632,9051.312447078748,0,0,0
348,A,1,2130,559.3813831339363,0,0,0
348,B,1,62,15.004033342296315,0,0,0
348,C,1,2419,590.9609120521172,0,0,0
348,D,1,118,42.29390681003584,0,0,0
348,E,1,35173,8934.71634208298,0,0,0
349,A,1,3096,813.0726583017216,0,0,0
349,B,1,84,20.32804517343372,0,0,0
349,C,1,3568,871.6612377850162,0,0,0
349,D,1,169,60.57347670250896,0,0,0
349,E,1,50061,12716.596104995766,0,0,0
350,A,1,3383,888.4447038225853,0,0,0
350,B,1,98,23.716052702339336,0,0,0
350,C,1,3789,925.6514657980455,0,0,0
350,D,1,160,57.34767025089606,0,0,0
350,E,1,53177,13508.128704487723,0,0,0
351,A,1,2293,602.1885030639042,0,0,0
351,B,1,60,14.52003226673837,0,0,0
351,C,1,2576,629.3159609120521,0,0,0
351,D,1,103,36.91756272401434,0,0,0
351,E,1,35638,9052.836579170194,0,0,0
352,A,1,2174,570.936679311351,0,0,0
352,B,1,56,13.552030115622479,0,0,0
352,C,1,2449,598.2899022801303,0,0,0
352,D,1,98,35.12544802867384,0,0,0
352,E,1,33923,8617.188823031329,0,0,0
353,A,1,2053,539.1596148234607,0,0,0
353,B,1,54,13.068029040064532,0,0,0
353,C,1,2335,570.4397394136807,0,0,0
353,D,1,92,32.97491039426523,0,0,0
353,E,1,32121,8159.44115156647,0,0,0
354,A,1,2059,540.7353370294718,0,0,0
354,B,1,49,11.858026351169668,0,0,0
354,C,1,2347,573.3713355048859,0,0,0
354,D,1,85,30.46594982078853,0,0,0
354,E,1,32081,8149.280270956817,0,0,0
355,A,1,2558,671.7829004960606,0,0,0
355,B,1,59,14.278031728959396,0,0,0
355,C,1,2888,705.5374592833875,0,0,0
355,D,1,111,39.784946236559136,0,0,0
355,E,1,39819,10114.902624894157,0,0,0
END SIM
344,A,1,387,101.6340822877152,0,0,0
344,B,1,30,7.260016133369185,0,0,0
344,C,1,1625,396.9869706840391,0,0,0
344,D,1,53,18.996415770609318,0,0,0
344,E,1,25390,6449.618966977138,0,0,0
345,A,1,383,100.58360081704114,0,0,0
345,B,1,29,7.018015595590212,0,0,0
345,C,1,1601,391.12377850162864,0,0,0
345,D,1,51,18.27956989247312,0,0,0
345,E,1,24966,6341.913632514818,0,0,0
346,A,1,371,97.43215640501896,0,0,0
346,B,1,29,7.018015595590212,0,0,0
346,C,1,1538,375.7328990228013,0,0,0
346,D,1,46,16.487455197132615,0,0,0
346,E,1,23942,6081.795088907706,0,0,0
347,A,1,395,103.73504522906332,0,0,0
347,B,1,41,9.922022048937887,0,0,0
347,C,1,1568,383.0618892508143,0,0,0
347,D,1,54,19.35483870967742,0,0,0
347,E,1,24294,6171.21083827265,0,0,0
348,A,1,390,102.42194339072074,0,0,0
348,B,1,43,10.406023124495832,0,0,0
348,C,1,1603,391.61237785016283,0,0,0
348,D,1,53,18.996415770609318,0,0,0
348,E,1,23945,6082.55715495343,0,0,0
349,A,1,611,160.4610446454625,0,0,0
349,B,1,60,14.52003226673837,0,0,0
349,C,1,2420,591.2052117263843,0,0,0
349,D,1,67,24.014336917562723,0,0,0
349,E,1,33957,8625.825571549534,0,0,0
350,A,1,657,172.54158155821418,0,0,0
350,B,1,79,19.118042484538854,0,0,0
350,C,1,2626,641.5309446254071,0,0,0
350,D,1,76,27.240143369175627,0,0,0
350,E,1,36315,9224.809483488569,0,0,0
351,A,1,459,120.54274875984827,0,0,0
351,B,1,52,12.584027964506587,0,0,0
351,C,1,1784,435.8306188925081,0,0,0
351,D,1,45,16.129032258064516,0,0,0
351,E,1,24127,6128.78916172735,0,0,0
352,A,1,430,112.92675809746133,0,0,0
352,B,1,51,12.342027426727615,0,0,0
352,C,1,1706,416.7752442996742,0,0,0
352,D,1,42,15.053763440860214,0,0,0
352,E,1,22951,5830.059271803557,0,0,0
353,A,1,398,104.52290633206886,0,0,0
353,B,1,51,12.342027426727615,0,0,0
353,C,1,1605,392.100977198697,0,0,0
353,D,1,34,12.186379928315413,0,0,0
353,E,1,21752,5525.486875529213,0,0,0
354,A,1,399,104.78552669973737,0,0,0
354,B,1,50,12.10002688894864,0,0,0
354,C,1,1650,403.09446254071656,0,0,0
354,D,1,32,11.469534050179211,0,0,0
354,E,1,21748,5524.470787468247,0,0,0
355,A,1,497,130.52232273125182,0,0,0
355,B,1,63,15.246033880075288,0,0,0
355,C,1,2023,494.21824104234526,0,0,0
355,D,1,36,12.903225806451612,0,0,0
355,E,1,27054,6872.311600338696,0,0,0
END SIM
344,A,1,701,184.09687773562882,0,0,0
344,B,1,13,3.146006991126647,0,0,0
344,C,1,2825,690.1465798045602,0,0,0
344,D,1,35,12.544802867383513,0,0,0
344,E,1,17423,4425.825571549534,0,0,0
345,A,1,688,180.68281295593812,0,0,0
345,B,1,13,3.146006991126647,0,0,0
345,C,1,2763,674.9999999999999,0,0,0
345,D,1,34,12.186379928315413,0,0,0
345,E,1,17168,4361.049957662997,0,0,0
346,A,1,674,177.00612780857892,0,0,0
346,B,1,13,3.146006991126647,0,0,0
346,C,1,2658,649.3485342019543,0,0,0
346,D,1,32,11.469534050179211,0,0,0
346,E,1,16431,4173.835732430144,0,0,0
347,A,1,664,174.37992413189377,0,0,0
347,B,1,13,3.146006991126647,0,0,0
347,C,1,2739,669.1368078175896,0,0,0
347,D,1,35,12.544802867383513,0,0,0
347,E,1,16567,4208.382726502964,0,0,0
348,A,1,655,172.01634082287714,0,0,0
348,B,1,21,5.08201129335843,0,0,0
348,C,1,2722,664.9837133550488,0,0,0
348,D,1,36,12.903225806451612,0,0,0
348,E,1,16258,4129.889923793396,0,0,0
349,A,1,994,261.04464546250364,0,0,0
349,B,1,25,6.05001344447432,0,0,0
349,C,1,4118,1006.0260586319217,0,0,0
349,D,1,53,18.996415770609318,0,0,0
349,E,1,23287,5915.41066892464,0,0,0
350,A,1,1066,279.9533119346367,0,0,0
350,B,1,32,7.74401720892713,0,0,0
350,C,1,4428,1081.758957654723,0,0,0
350,D,1,50,17.921146953405017,0,0,0
350,E,1,24889,6322.353937341237,0,0,0
351,A,1,738,193.81383133936387,0,0,0
351,B,1,18,4.356009680021511,0,0,0
351,C,1,3075,751.2214983713354,0,0,0
351,D,1,35,12.544802867383513,0,0,0
351,E,1,16582,4212.193056731584,0,0,0
352,A,1,701,184.09687773562882,0,0,0
352,B,1,18,4.356009680021511,0,0,0
352,C,1,2914,711.8892508143322,0,0,0
352,D,1,32,11.469534050179211,0,0,0
352,E,1,15773,4006.689246401355,0,0,0
353,A,1,665,174.6425444995623,0,0,0
353,B,1,18,4.356009680021511,0,0,0
353,C,1,2752,672.3127035830619,0,0,0
353,D,1,30,10.75268817204301,0,0,0
353,E,1,14912,3787.9762912785777,0,0,0
354,A,1,667,175.16778523489933,0,0,0
354,B,1,17,4.114009142242538,0,0,0
354,C,1,2761,674.5114006514657,0,0,0
354,D,1,31,11.11111111111111,0,0,0
354,E,1,15014,3813.886536833192,0,0,0
355,A,1,833,218.76276626787276,0,0,0
355,B,1,28,6.7760150578112395,0,0,0
355,C,1,3415,834.2833876221498,0,0,0
355,D,1,39,13.978494623655914,0,0,0
355,E,1,18672,4743.099068585944,0,0,0
END SIM
344,A,1,637,167.28917420484387,0,0,0
344,B,1,15,3.6300080666845926,0,0,0
344,C,1,3996,976.2214983713354,0,0,0
344,D,1,17,6.093189964157706,0,0,0
344,E,1,37754,9590.34716342083,0,0,0
345,A,1,628,164.92559089582724,0,0,0
345,B,1,15,3.6300080666845926,0,0,0
345,C,1,3917,956.9218241042345,0,0,0
345,D,1,17,6.093189964157706,0,0,0
345,E,1,37203,9450.381033022863,0,0,0
346,A,1,603,158.36008170411438,0,0,0
346,B,1,13,3.146006991126647,0,0,0
346,C,1,3783,924.1856677524429,0,0,0
346,D,1,14,5.017921146953405,0,0,0
346,E,1,35661,9058.679085520746,0,0,0
347,A,1,591,155.2086372920922,0,0,0
347,B,1,21,5.08201129335843,0,0,0
347,C,1,3823,933.9576547231269,0,0,0
347,D,1,10,3.5842293906810037,0,0,0
347,E,1,36353,9234.46232006774,0,0,0
348,A,1,609,159.93580391012546,0,0,0
348,B,1,17,4.114009142242538,0,0,0
348,C,1,3849,940.3094462540715,0,0,0
348,D,1,9,3.225806451612903,0,0,0
348,E,1,35889,9116.596104995766,0,0,0
349,A,1,966,253.69127516778522,0,0,0
349,B,1,37,8.954019897821995,0,0,0
349,C,1,5870,1434.0390879478825,0,0,0
349,D,1,9,3.225806451612903,0,0,0
349,E,1,50816,12908.382726502963,0,0,0
350,A,1,1070,281.0037934053108,0,0,0
350,B,1,42,10.16402258671686,0,0,0
350,C,1,6378,1558.14332247557,0,0,0
350,D,1,12,4.301075268817204,0,0,0
350,E,1,54293,13791.617273497037,0,0,0
351,A,1,734,192.7633498686898,0,0,0
351,B,1,24,5.808012906695348,0,0,0
351,C,1,4343,1060.9934853420195,0,0,0
351,D,1,8,2.867383512544803,0,0,0
351,E,1,36140,9180.355630821337,0,0,0
352,A,1,705,185.1473592063029,0,0,0
352,B,1,22,5.324011831137402,0,0,0
352,C,1,4142,1011.8892508143322,0,0,0
352,D,1,8,2.867383512544803,0,0,0
352,E,1,34476,8757.66299745978,0,0,0
353,A,1,678,178.056609279253,0,0,0
353,B,1,22,5.324011831137402,0,0,0
353,C,1,3925,958.8762214983713,0,0,0
353,D,1,8,2.867383512544803,0,0,0
353,E,1,32612,8284.165961049957,0,0,0
354,A,1,675,177.26874817624744,0,0,0
354,B,1,24,5.808012906695348,0,0,0
354,C,1,3976,971.3355048859934,0,0,0
354,D,1,6,2.150537634408602,0,0,0
354,E,1,32693,8304.741744284505,0,0,0
355,A,1,858,225.32827545958563,0,0,0
355,B,1,30,7.260016133369185,0,0,0
355,C,1,4907,1198.7785016286643,0,0,0
355,D,1,11,3.942652329749104,0,0,0
355,E,1,40764,10354.953429297206,0,0,0
END SIM
344,A,1,156,40.9687773562883,0,0,0
344,B,1,10,2.420005377789728,0,0,0
344,C,1,1850,451.9543973941368,0,0,0
344,D,1,247,88.5304659498208,0,0,0
344,E,1,14416,3661.981371718882,0,0,0
345,A,1,154,40.44353662095127,0,0,0
345,B,1,10,2.420005377789728,0,0,0
345,C,1,1813,442.915309446254,0,0,0
345,D,1,242,86.73835125448029,0,0,0
345,E,1,14168,3598.983911939035,0,0,0
346,A,1,146,38.34257367960315,0,0,0
346,B,1,11,2.662005915568701,0,0,0
346,C,1,1733,423.37133550488596,0,0,0
346,D,1,235,84.22939068100358,0,0,0
346,E,1,13629,3462.066045723963,0,0,0
347,A,1,147,38.60519404727167,0,0,0
347,B,1,15,3.6300080666845926,0,0,0
347,C,1,1782,435.3420195439739,0,0,0
347,D,1,246,88.17204301075269,0,0,0
347,E,1,13768,3497.3751058425064,0,0,0
348,A,1,152,39.918295885614235,0,0,0
348,B,1,14,3.3880075289056197,0,0,0
348,C,1,1798,439.2508143322475,0,0,0
348,D,1,247,88.5304659498208,0,0,0
348,E,1,13674,3473.497036409822,0,0,0
349,A,1,237,62.24102713743799,0,0,0
349,B,1,18,4.356009680021511,0,0,0
349,C,1,2719,664.2508143322475,0,0,0
349,D,1,331,118.63799283154121,0,0,0
349,E,1,19416,4932.091447925487,0,0,0
350,A,1,250,65.65509191712869,0,0,0
350,B,1,31,7.502016671148158,0,0,0
350,C,1,2948,720.1954397394136,0,0,0
350,D,1,352,126.16487455197132,0,0,0
350,E,1,20761,5273.751058425064,0,0,0
351,A,1,173,45.43332360665305,0,0,0
351,B,1,18,4.356009680021511,0,0,0
351,C,1,1989,485.9120521172638,0,0,0
351,D,1,219,78.49462365591398,0,0,0
351,E,1,13844,3516.680779000847,0,0,0
352,A,1,160,42.01925882696236,0,0,0
352,B,1,17,4.114009142242538,0,0,0
352,C,1,1900,464.1693811074918,0,0,0
352,D,1,209,74.91039426523298,0,0,0
352,E,1,13176,3346.9940728196443,0,0,0
353,A,1,150,39.393055150277206,0,0,0
353,B,1,16,3.872008604463565,0,0,0
353,C,1,1796,438.7622149837133,0,0,0
353,D,1,199,71.32616487455196,0,0,0
353,E,1,12458,3164.6062658763763,0,0,0
354,A,1,152,39.918295885614235,0,0,0
354,B,1,17,4.114009142242538,0,0,0
354,C,1,1798,439.2508143322475,0,0,0
354,D,1,187,67.02508960573476,0,0,0
354,E,1,12526,3181.8797629127857,0,0,0
355,A,1,206,54.09979573971403,0,0,0
355,B,1,26,6.292013982253294,0,0,0
355,C,1,2241,547.4755700325733,0,0,0
355,D,1,236,84.58781362007169,0,0,0
355,E,1,15567,3954.360711261643,0,0,0
END SIM
344,A,1,274,71.95798074117303,0,0,0
344,B,1,23,5.566012368916375,0,0,0
344,C,1,3646,890.7166123778501,0,0,0
344,D,1,59,21.14695340501792,0,0,0
344,E,1,32027,8135.563082133785,0,0,0
345,A,1,267,70.11963816749343,0,0,0
345,B,1,23,5.566012368916375,0,0,0
345,C,1,3572,872.6384364820846,0,0,0
345,D,1,59,21.14695340501792,0,0,0
345,E,1,31496,8000.677392040644,0,0,0
346,A,1,259,68.01867522614532,0,0,0
346,B,1,20,4.840010755579456,0,0,0
346,C,1,3429,837.7035830618892,0,0,0
346,D,1,58,20.78853046594982,0,0,0
346,E,1,30227,7678.323454699407,0,0,0
347,A,1,263,69.06915669681938,0,0,0
347,B,1,24,5.808012906695348,0,0,0
347,C,1,3456,844.299674267101,0,0,0
347,D,1,54,19.35483870967742,0,0,0
347,E,1,30795,7822.607959356478,0,0,0
348,A,1,258,67.7560548584768,0,0,0
348,B,1,24,5.808012906695348,0,0,0
348,C,1,3495,853.8273615635178,0,0,0
348,D,1,50,17.921146953405017,0,0,0
348,E,1,30445,7733.7002540220155,0,0,0
349,A,1,398,104.52290633206886,0,0,0
349,B,1,29,7.018015595590212,0,0,0
349,C,1,5240,1280.130293159609,0,0,0
349,D,1,59,21.14695340501792,0,0,0
349,E,1,43104,10949.364944961897,0,0,0
350,A,1,446,117.12868398015756,0,0,0
350,B,1,34,8.228018284485076,0,0,0
350,C,1,5796,1415.9609120521172,0,0,0
350,D,1,64,22.939068100358423,0,0,0
350,E,1,45964,11675.867908552074,0,0,0
351,A,1,314,82.46279544791362,0,0,0
351,B,1,24,5.808012906695348,0,0,0
351,C,1,3891,950.5700325732898,0,0,0
351,D,1,37,13.261648745519713,0,0,0
351,E,1,30637,7782.472480948349,0,0,0
352,A,1,295,77.47300846221185,0,0,0
352,B,1,23,5.566012368916375,0,0,0
352,C,1,3704,904.8859934853419,0,0,0
352,D,1,36,12.903225806451612,0,0,0
352,E,1,29244,7428.619813717189,0,0,0
353,A,1,284,74.58418441785818,0,0,0
353,B,1,22,5.324011831137402,0,0,0
353,C,1,3501,855.2931596091205,0,0,0
353,D,1,35,12.544802867383513,0,0,0
353,E,1,27653,7024.470787468247,0,0,0
354,A,1,274,71.95798074117303,0,0,0
354,B,1,24,5.808012906695348,0,0,0
354,C,1,3552,867.7524429967426,0,0,0
354,D,1,33,11.827956989247312,0,0,0
354,E,1,27763,7052.413209144793,0,0,0
355,A,1,347,91.12926758097461,0,0,0
355,B,1,26,6.292013982253294,0,0,0
355,C,1,4384,1071.0097719869707,0,0,0
355,D,1,43,15.412186379928315,0,0,0
355,E,1,34357,8727.434377646063,0,0,0
END SIM
